line_number,structure_id,inspection_status,file,feature,defect,description,severity,position
L24A,L24A_1,APPROVED,DJI_20230615044639_0123_Z.JPG,Environmental,['raptor nest'],,LOW,5
L24A,L24A_10,APPROVED,DJI_20230615055127_0122_Z.JPG,Insulator,['porcelain'],,LOW,7
L24A,L24A_10,APPROVED,DJI_20230615055035_0111_Z.JPG,Insulator,['porcelain'],,LOW,5
L24A,L24A_10,APPROVED,DJI_20230615055035_0111_Z.JPG,Insulator,['porcelain'],,LOW,5
L24A,L24A_11,APPROVED,DJI_20230615194850_0014_W.JPG,Insulator,['porcelain'],,LOW,3
L24A,L24A_11,APPROVED,DJI_20230615194850_0014_W.JPG,Insulator,['porcelain'],,LOW,3
L24A,L24A_11,APPROVED,DJI_20230615194850_0014_W.JPG,Insulator,['porcelain'],,LOW,3
L24A,L24A_12,APPROVED,DJI_20230615195239_0050_W.JPG,Insulator,['porcelain'],,LOW,3
L24A,L24A_12,APPROVED,DJI_20230615195239_0050_W.JPG,Insulator,['porcelain'],,LOW,3
L24A,L24A_12,APPROVED,DJI_20230615195306_0054_W.JPG,Insulator,['not plomb'],,MEDIUM,4
L24A,L24A_12,APPROVED,DJI_20230615195306_0054_W.JPG,Insulator,['not plomb'],,MEDIUM,4
L24A,L24A_12,APPROVED,DJI_20230615195306_0054_W.JPG,Insulator,['not plomb'],,HIGH,4
L24A,L24A_12,APPROVED,DJI_20230615195239_0050_W.JPG,Insulator,['porcelain'],,LOW,3
L24A,L24A_13,APPROVED,DJI_20230615195647_0088_W.JPG,Insulator,['not plomb'],,MEDIUM,4
L24A,L24A_13,APPROVED,DJI_20230615195647_0088_W.JPG,Insulator,['not plomb'],,MEDIUM,4
L24A,L24A_13,APPROVED,DJI_20230615195659_0090_W.JPG,Insulator,['porcelain'],,LOW,5
L24A,L24A_13,APPROVED,DJI_20230615195659_0090_W.JPG,Insulator,['porcelain'],,LOW,5
L24A,L24A_13,APPROVED,DJI_20230615195659_0090_W.JPG,Insulator,['porcelain'],,LOW,5
L24A,L24A_13,APPROVED,DJI_20230615195647_0088_W.JPG,Insulator,['not plomb'],,LOW,4
L24A,L24A_14,APPROVED,DJI_20230615200038_0124_W.JPG,Insulator,['porcelain'],,LOW,5
L24A,L24A_14,APPROVED,DJI_20230615200038_0124_W.JPG,Insulator,['porcelain'],,LOW,5
L24A,L24A_14,APPROVED,DJI_20230615200038_0124_W.JPG,Insulator,['porcelain'],,LOW,5
L24A,L24A_15,APPROVED,DJI_20230615200531_0164_W.JPG,Insulator,['porcelain'],,LOW,7
L24A,L24A_15,APPROVED,DJI_20230615200531_0164_W.JPG,Insulator,['porcelain'],,LOW,7
L24A,L24A_15,APPROVED,DJI_20230615200531_0164_W.JPG,Insulator,['porcelain'],,LOW,7
L24A,L24A_16,APPROVED,DJI_20230615213639_0143_W.JPG,Insulator,['porcelain'],,LOW,7
L24A,L24A_16,APPROVED,DJI_20230615213639_0143_W.JPG,Insulator,['porcelain'],,LOW,7
L24A,L24A_16,APPROVED,DJI_20230615213639_0143_W.JPG,Insulator,['porcelain'],,LOW,7
L24A,L24A_17,APPROVED,DJI_20230615213303_0106_W.JPG,Insulator,['porcelain'],,LOW,7
L24A,L24A_17,APPROVED,DJI_20230615213303_0106_W.JPG,Insulator,['porcelain'],,LOW,7
L24A,L24A_17,APPROVED,DJI_20230615213303_0106_W.JPG,Insulator,['porcelain'],,LOW,7
L24A,L24A_18,APPROVED,DJI_20230615212840_0059_W.JPG,Insulator,['porcelain'],,LOW,5
L24A,L24A_18,APPROVED,DJI_20230615212840_0059_W.JPG,Insulator,['porcelain'],,LOW,5
L24A,L24A_18,APPROVED,DJI_20230615212840_0059_W.JPG,Insulator,['porcelain'],,LOW,5
L24A,L24A_19,APPROVED,DJI_20230615212547_0031_W.JPG,Insulator,['porcelain'],,LOW,7
L24A,L24A_19,APPROVED,DJI_20230615212547_0031_W.JPG,Insulator,['porcelain'],,LOW,7
L24A,L24A_19,APPROVED,DJI_20230615212547_0031_W.JPG,Insulator,['porcelain'],,LOW,7
L24A,L24A_2,APPROVED,DJI_20230615044151_0071_W.JPG,Insulator,['porcelain'],,LOW,4
L24A,L24A_2,APPROVED,DJI_20230615044151_0071_W.JPG,Insulator,['porcelain'],,LOW,4
L24A,L24A_2,APPROVED,DJI_20230615044151_0071_W.JPG,Insulator,['porcelain'],,LOW,4
L24A,L24A_2,APPROVED,DJI_20230615044026_0055_Z.JPG,Member 163,['altered member'],163,LOW,1
L24A,L24A_20,APPROVED,DJI_20230617051138_0028_W.JPG,Insulator,['porcelain'],,LOW,7
L24A,L24A_20,APPROVED,DJI_20230617051138_0028_W.JPG,Insulator,['porcelain'],,LOW,7
L24A,L24A_20,APPROVED,DJI_20230617051138_0028_W.JPG,Insulator,['porcelain'],,LOW,7
L24A,L24A_21,APPROVED,DJI_20230617051415_0044_W.JPG,Insulator,['porcelain'],,LOW,3
L24A,L24A_21,APPROVED,DJI_20230617051415_0044_W.JPG,Insulator,['porcelain'],,LOW,3
L24A,L24A_21,APPROVED,DJI_20230617051415_0044_W.JPG,Insulator,['porcelain'],,LOW,3
L24A,L24A_22,APPROVED,DJI_20230616214332_0223_W.JPG,Insulator,['porcelain'],,LOW,3
L24A,L24A_22,APPROVED,DJI_20230616214332_0223_W.JPG,Insulator,['porcelain'],,LOW,3
L24A,L24A_22,APPROVED,DJI_20230616214332_0223_W.JPG,Insulator,['porcelain'],,LOW,3
L24A,L24A_23,APPROVED,DJI_20230616214147_0205_W.JPG,Insulator,['porcelain'],,LOW,7
L24A,L24A_23,APPROVED,DJI_20230616214147_0205_W.JPG,Insulator,['porcelain'],,LOW,7
L24A,L24A_23,APPROVED,DJI_20230616214147_0205_W.JPG,Insulator,['porcelain'],,LOW,7
L24A,L24A_24,APPROVED,DJI_20230616213813_0158_W.JPG,Insulator,['porcelain'],,LOW,5
L24A,L24A_24,APPROVED,DJI_20230616213813_0158_W.JPG,Insulator,['porcelain'],,LOW,5
L24A,L24A_24,APPROVED,DJI_20230616213813_0158_W.JPG,Insulator,['porcelain'],,LOW,5
L24A,L24A_25,APPROVED,DJI_20230616213426_0104_W.JPG,Insulator,['porcelain'],,LOW,0
L24A,L24A_25,APPROVED,DJI_20230616213426_0104_W.JPG,Insulator,['porcelain'],,LOW,0
L24A,L24A_25,APPROVED,DJI_20230616213426_0104_W.JPG,Insulator,['porcelain'],,LOW,0
L24A,L24A_26,APPROVED,DJI_20230616213326_0098_W.JPG,Insulator,['porcelain'],,LOW,7
L24A,L24A_26,APPROVED,DJI_20230616213326_0098_W.JPG,Insulator,['porcelain'],,LOW,7
L24A,L24A_26,APPROVED,DJI_20230616213326_0098_W.JPG,Insulator,['porcelain'],,LOW,7
L24A,L24A_27,APPROVED,DJI_20230616213040_0062_W.JPG,Insulator,['porcelain'],,LOW,7
L24A,L24A_27,APPROVED,DJI_20230616213040_0062_W.JPG,Insulator,['porcelain'],,LOW,7
L24A,L24A_27,APPROVED,DJI_20230616213040_0062_W.JPG,Insulator,['porcelain'],,LOW,7
L24A,L24A_28,APPROVED,DJI_20230616212800_0029_W.JPG,Insulator,['porcelain'],,LOW,7
L24A,L24A_28,APPROVED,DJI_20230616212800_0029_W.JPG,Insulator,['porcelain'],,LOW,7
L24A,L24A_28,APPROVED,DJI_20230616212800_0029_W.JPG,Insulator,['porcelain'],,LOW,7
L24A,L24A_29,APPROVED,DJI_20230616215539_0033_W.JPG,Insulator,['porcelain'],,LOW,7
L24A,L24A_29,APPROVED,DJI_20230616215539_0033_W.JPG,Insulator,['porcelain'],,LOW,7
L24A,L24A_29,APPROVED,DJI_20230616215539_0033_W.JPG,Insulator,['porcelain'],,LOW,7
L24A,L24A_3,APPROVED,DJI_20230615043844_0037_Z.JPG,Insulator,['porcelain'],,LOW,5
L24A,L24A_3,APPROVED,DJI_20230615043903_0040_Z.JPG,Insulator,['porcelain'],,LOW,7
L24A,L24A_3,APPROVED,DJI_20230615043750_0031_Z.JPG,Footings,['fill too low'],,LOW,5
L24A,L24A_3,APPROVED,DJI_20230615043553_0006_Z.JPG,Member 161,['bent'],161,LOW,1
L24A,L24A_3,APPROVED,DJI_20230615043903_0040_Z.JPG,Insulator,['porcelain'],,LOW,7
L24A,L24A_30,APPROVED,DJI_20230616215801_0058_W.JPG,Insulator,['porcelain'],,LOW,5
L24A,L24A_30,APPROVED,DJI_20230616215801_0058_W.JPG,Insulator,['porcelain'],,LOW,5
L24A,L24A_30,APPROVED,DJI_20230616215801_0058_W.JPG,Insulator,['porcelain'],,LOW,5
L24A,L24A_31,APPROVED,DJI_20230616220043_0093_W.JPG,Insulator,['porcelain'],,LOW,5
L24A,L24A_31,APPROVED,DJI_20230616220043_0093_W.JPG,Insulator,['porcelain'],,LOW,5
L24A,L24A_31,APPROVED,DJI_20230616220043_0093_W.JPG,Insulator,['porcelain'],,LOW,5
L24A,L24A_32,APPROVED,DJI_20230616220305_0121_W.JPG,Insulator,['porcelain'],,LOW,3
L24A,L24A_32,APPROVED,DJI_20230616220305_0121_W.JPG,Insulator,['porcelain'],,LOW,3
L24A,L24A_32,APPROVED,DJI_20230616220305_0121_W.JPG,Insulator,['porcelain'],,LOW,3
L24A,L24A_33,APPROVED,DJI_20230616220512_0143_W.JPG,Insulator,['porcelain'],,LOW,0
L24A,L24A_33,APPROVED,DJI_20230616220512_0143_W.JPG,Insulator,['porcelain'],,LOW,0
L24A,L24A_33,APPROVED,DJI_20230616220512_0143_W.JPG,Insulator,['porcelain'],,LOW,0
L24A,L24A_34,APPROVED,DJI_20230616220931_0204_W.JPG,Insulator,['porcelain'],,LOW,7
L24A,L24A_34,APPROVED,DJI_20230616220931_0204_W.JPG,Insulator,['porcelain'],,LOW,7
L24A,L24A_34,APPROVED,DJI_20230616220931_0204_W.JPG,Insulator,['porcelain'],,LOW,7
L24A,L24A_35,APPROVED,DJI_20230616221207_0227_W.JPG,Insulator,['porcelain'],,LOW,5
L24A,L24A_35,APPROVED,DJI_20230616221207_0227_W.JPG,Insulator,['porcelain'],,LOW,5
L24A,L24A_35,APPROVED,DJI_20230616221207_0227_W.JPG,Insulator,['porcelain'],,LOW,5
L24A,L24A_36,APPROVED,DJI_20230616233153_0013_W.JPG,Insulator,['porcelain'],,LOW,4
L24A,L24A_36,APPROVED,DJI_20230616233153_0013_W.JPG,Insulator,['porcelain'],,LOW,4
L24A,L24A_36,APPROVED,DJI_20230616233153_0013_W.JPG,Insulator,['porcelain'],,LOW,4
L24A,L24A_37,APPROVED,DJI_20230617001132_0111_W.JPG,Insulator,['porcelain'],,LOW,3
L24A,L24A_37,APPROVED,DJI_20230617001132_0111_W.JPG,Insulator,['porcelain'],,LOW,3
L24A,L24A_37,APPROVED,DJI_20230617001132_0111_W.JPG,Insulator,['porcelain'],,LOW,3
L24A,L24A_38,APPROVED,DJI_20230617000829_0070_W.JPG,Insulator,['porcelain'],,LOW,0
L24A,L24A_38,APPROVED,DJI_20230617000829_0070_W.JPG,Insulator,['porcelain'],,LOW,0
L24A,L24A_38,APPROVED,DJI_20230617000829_0070_W.JPG,Insulator,['porcelain'],,LOW,0
L24A,L24A_39,APPROVED,DJI_20230617000747_0064_W.JPG,Insulator,['porcelain'],,LOW,7
L24A,L24A_39,APPROVED,DJI_20230617000747_0064_W.JPG,Insulator,['porcelain'],,LOW,7
L24A,L24A_39,APPROVED,DJI_20230617000747_0064_W.JPG,Insulator,['porcelain'],,LOW,7
L24A,L24A_4,APPROVED,DJI_20230615033632_0094_Z.JPG,Insulator,['porcelain'],,LOW,3
L24A,L24A_4,APPROVED,DJI_20230615033733_0106_Z.JPG,Member 161,['bent'],161,LOW,5
L24A,L24A_4,APPROVED,DJI_20230615033502_0080_Z.JPG,Insulator,['porcelain'],,LOW,0
L24A,L24A_4,APPROVED,DJI_20230615033632_0094_Z.JPG,Insulator,['porcelain'],,LOW,3
L24A,L24A_4,APPROVED,DJI_20230615033529_0084_Z.JPG,Insulator,['porcelain'],,LOW,1
L24A,L24A_4,APPROVED,DJI_20230615033529_0084_Z.JPG,Insulator,['porcelain'],,LOW,1
L24A,L24A_40,APPROVED,DJI_20230617000506_0030_W.JPG,Insulator,['porcelain'],,LOW,7
L24A,L24A_40,APPROVED,DJI_20230617000506_0030_W.JPG,Insulator,['porcelain'],,LOW,7
L24A,L24A_41,APPROVED,DJI_20230616235637_0017_W.JPG,Insulator,['porcelain'],,LOW,4
L24A,L24A_41,APPROVED,DJI_20230616235637_0017_W.JPG,Insulator,['porcelain'],,LOW,4
L24A,L24A_41,APPROVED,DJI_20230616235637_0017_W.JPG,Insulator,['porcelain'],,LOW,4
L24A,L24A_42,APPROVED,DJI_20230617001734_0159_W.JPG,Insulator,['porcelain'],,LOW,7
L24A,L24A_42,APPROVED,DJI_20230617001734_0159_W.JPG,Insulator,['porcelain'],,LOW,7
L24A,L24A_42,APPROVED,DJI_20230617001734_0159_W.JPG,Insulator,['porcelain'],,LOW,7
L24A,L24A_43,APPROVED,DJI_20230617002021_0190_W.JPG,Insulator,['porcelain'],,LOW,7
L24A,L24A_43,APPROVED,DJI_20230617002021_0190_W.JPG,Insulator,['porcelain'],,LOW,7
L24A,L24A_43,APPROVED,DJI_20230617002021_0190_W.JPG,Insulator,['porcelain'],,LOW,7
L24A,L24A_44,APPROVED,DJI_20230617002219_0207_W.JPG,Insulator,['porcelain'],,LOW,3
L24A,L24A_44,APPROVED,DJI_20230617002219_0207_W.JPG,Insulator,['porcelain'],,LOW,3
L24A,L24A_44,APPROVED,DJI_20230617002219_0207_W.JPG,Insulator,['porcelain'],,LOW,3
L24A,L24A_45,APPROVED,DJI_20230617013006_0004_W.JPG,Insulator,['porcelain'],,LOW,1
L24A,L24A_45,APPROVED,DJI_20230617013006_0004_W.JPG,Insulator,['porcelain'],,LOW,1
L24A,L24A_45,APPROVED,DJI_20230617013006_0004_W.JPG,Insulator,['porcelain'],,LOW,1
L24A,L24A_46,APPROVED,DJI_20230617013256_0037_W.JPG,Insulator,['porcelain'],,LOW,0
L24A,L24A_46,APPROVED,DJI_20230617013256_0037_W.JPG,Insulator,['porcelain'],,LOW,0
L24A,L24A_46,APPROVED,DJI_20230617013256_0037_W.JPG,Insulator,['porcelain'],,LOW,0
L24A,L24A_47,APPROVED,DJI_20230617014419_0013_W.JPG,Insulator,['porcelain'],,LOW,3
L24A,L24A_47,APPROVED,DJI_20230617014419_0013_W.JPG,Insulator,['porcelain'],,LOW,3
L24A,L24A_47,APPROVED,DJI_20230617014419_0013_W.JPG,Insulator,['porcelain'],,LOW,3
L24A,L24A_48,APPROVED,DJI_20230617014927_0073_W.JPG,Insulator,['porcelain'],,LOW,4
L24A,L24A_48,APPROVED,DJI_20230617014927_0073_W.JPG,Insulator,['porcelain'],,LOW,4
L24A,L24A_48,APPROVED,DJI_20230617014927_0073_W.JPG,Insulator,['porcelain'],,LOW,4
L24A,L24A_49,APPROVED,DJI_20230617015241_0107_W.JPG,Insulator,['porcelain'],,LOW,5
L24A,L24A_49,APPROVED,DJI_20230617015241_0107_W.JPG,Insulator,['porcelain'],,LOW,5
L24A,L24A_49,APPROVED,DJI_20230617015241_0107_W.JPG,Insulator,['porcelain'],,LOW,5
L24A,L24A_5,APPROVED,DJI_20230615033328_0072_Z.JPG,Insulator,['porcelain'],,LOW,7
L24A,L24A_5,APPROVED,DJI_20230615033330_0073_Z.JPG,Insulator,['porcelain'],,LOW,7
L24A,L24A_5,APPROVED,DJI_20230615033328_0072_Z.JPG,Insulator,['porcelain'],,LOW,7
L24A,L24A_50,APPROVED,DJI_20230617015530_0140_W.JPG,Insulator,['porcelain'],,LOW,4
L24A,L24A_50,APPROVED,DJI_20230617015530_0140_W.JPG,Insulator,['porcelain'],,LOW,4
L24A,L24A_50,APPROVED,DJI_20230617015530_0140_W.JPG,Insulator,['porcelain'],,LOW,4
L24A,L24A_51,APPROVED,DJI_20230617015852_0174_W.JPG,Insulator,['porcelain'],,LOW,4
L24A,L24A_51,APPROVED,DJI_20230617015852_0174_W.JPG,Insulator,['porcelain'],,LOW,4
L24A,L24A_51,APPROVED,DJI_20230617015852_0174_W.JPG,Insulator,['porcelain'],,LOW,4
L24A,L24A_52,APPROVED,DJI_20230617020134_0202_W.JPG,Insulator,['porcelain'],,LOW,7
L24A,L24A_52,APPROVED,DJI_20230617020134_0202_W.JPG,Insulator,['porcelain'],,LOW,7
L24A,L24A_52,APPROVED,DJI_20230617020134_0202_W.JPG,Insulator,['porcelain'],,LOW,7
L24A,L24A_53,APPROVED,DJI_20230619215156_0001_W.JPG,Insulator,['porcelain'],,LOW,0
L24A,L24A_53,APPROVED,DJI_20230619215156_0001_W.JPG,Insulator,['porcelain'],,LOW,0
L24A,L24A_53,APPROVED,DJI_20230619215156_0001_W.JPG,Insulator,['porcelain'],,LOW,0
L24A,L24A_54,APPROVED,DJI_20230619215442_0030_W.JPG,Insulator,['porcelain'],,LOW,0
L24A,L24A_54,APPROVED,DJI_20230619215442_0030_W.JPG,Insulator,['porcelain'],,LOW,0
L24A,L24A_54,APPROVED,DJI_20230619215442_0030_W.JPG,Insulator,['porcelain'],,LOW,0
L24A,L24A_55,APPROVED,DJI_20230619215654_0058_W.JPG,Insulator,['porcelain'],,LOW,5
L24A,L24A_55,APPROVED,DJI_20230619215654_0058_W.JPG,Insulator,['porcelain'],,LOW,5
L24A,L24A_55,APPROVED,DJI_20230619215654_0058_W.JPG,Insulator,['porcelain'],,LOW,5
L24A,L24A_56,APPROVED,DJI_20230619215928_0086_W.JPG,Insulator,['porcelain'],,LOW,0
L24A,L24A_56,APPROVED,DJI_20230619215928_0086_W.JPG,Insulator,['porcelain'],,LOW,0
L24A,L24A_56,APPROVED,DJI_20230619215928_0086_W.JPG,Insulator,['porcelain'],,LOW,0
L24A,L24A_57,APPROVED,DJI_20230619220251_0127_W.JPG,Insulator,['porcelain'],,LOW,5
L24A,L24A_57,APPROVED,DJI_20230619220251_0127_W.JPG,Insulator,['porcelain'],,LOW,5
L24A,L24A_57,APPROVED,DJI_20230619220251_0127_W.JPG,Insulator,['porcelain'],,LOW,5
L24A,L24A_58,APPROVED,DJI_20230619220426_0140_W.JPG,Insulator,['porcelain'],,LOW,0
L24A,L24A_58,APPROVED,DJI_20230619220426_0140_W.JPG,Insulator,['porcelain'],,LOW,0
L24A,L24A_58,APPROVED,DJI_20230619220426_0140_W.JPG,Insulator,['porcelain'],,LOW,0
L24A,L24A_59,APPROVED,DJI_20230619220656_0168_W.JPG,Insulator,['porcelain'],,LOW,0
L24A,L24A_59,APPROVED,DJI_20230619220656_0168_W.JPG,Insulator,['porcelain'],,LOW,0
L24A,L24A_59,APPROVED,DJI_20230619220656_0168_W.JPG,Insulator,['porcelain'],,LOW,0
L24A,L24A_6,APPROVED,DJI_20230615032810_0012_Z.JPG,Insulator,['porcelain'],,LOW,3
L24A,L24A_6,APPROVED,DJI_20230615032810_0012_Z.JPG,Insulator,['porcelain'],,LOW,3
L24A,L24A_6,APPROVED,DJI_20230615032726_0002_Z.JPG,Insulator,['porcelain'],,LOW,1
L24A,L24A_60,APPROVED,DJI_20230619220922_0195_W.JPG,Insulator,['porcelain'],,LOW,0
L24A,L24A_60,APPROVED,DJI_20230619220922_0195_W.JPG,Insulator,['porcelain'],,LOW,0
L24A,L24A_60,APPROVED,DJI_20230619220922_0195_W.JPG,Insulator,['porcelain'],,LOW,0
L24A,L24A_61,APPROVED,DJI_20230619224000_0002_W.JPG,Insulator,['porcelain'],,LOW,1
L24A,L24A_61,APPROVED,DJI_20230619224000_0002_W.JPG,Insulator,['porcelain'],,LOW,1
L24A,L24A_61,APPROVED,DJI_20230619224000_0002_W.JPG,Insulator,['porcelain'],,LOW,1
L24A,L24A_62,APPROVED,DJI_20230619224243_0028_W.JPG,Insulator,['porcelain'],,LOW,0
L24A,L24A_62,APPROVED,DJI_20230619224243_0028_W.JPG,Insulator,['porcelain'],,LOW,0
L24A,L24A_62,APPROVED,DJI_20230619224243_0028_W.JPG,Insulator,['porcelain'],,LOW,0
L24A,L24A_63,APPROVED,DJI_20230619224609_0071_Z.JPG,Member GV,['bent'],GV,LOW,5
L24A,L24A_63,APPROVED,DJI_20230619224602_0069_W.JPG,Insulator,['porcelain'],,LOW,4
L24A,L24A_63,APPROVED,DJI_20230619224602_0069_W.JPG,Insulator,['porcelain'],,LOW,4
L24A,L24A_63,APPROVED,DJI_20230619224602_0069_W.JPG,Insulator,['porcelain'],,LOW,4
L24A,L24A_64,APPROVED,DJI_20230619224735_0081_W.JPG,Insulator,['porcelain'],,LOW,0
L24A,L24A_64,APPROVED,DJI_20230619224735_0081_W.JPG,Insulator,['porcelain'],,LOW,0
L24A,L24A_64,APPROVED,DJI_20230619224735_0081_W.JPG,Insulator,['porcelain'],,LOW,0
L24A,L24A_65,APPROVED,DJI_20230619225023_0108_W.JPG,Insulator,['porcelain'],,LOW,0
L24A,L24A_65,APPROVED,DJI_20230619225023_0108_W.JPG,Insulator,['porcelain'],,LOW,0
L24A,L24A_65,APPROVED,DJI_20230619225023_0108_W.JPG,Insulator,['porcelain'],,LOW,0
L24A,L24A_66,APPROVED,DJI_20230619225800_0001_W.JPG,Insulator,['porcelain'],,LOW,0
L24A,L24A_66,APPROVED,DJI_20230619225800_0001_W.JPG,Insulator,['porcelain'],,LOW,0
L24A,L24A_66,APPROVED,DJI_20230619225800_0001_W.JPG,Insulator,['porcelain'],,LOW,0
L24A,L24A_67,APPROVED,DJI_20230619230036_0029_W.JPG,Insulator,['porcelain'],,LOW,0
L24A,L24A_67,APPROVED,DJI_20230619230036_0029_W.JPG,Insulator,['porcelain'],,LOW,0
L24A,L24A_67,APPROVED,DJI_20230619230036_0029_W.JPG,Insulator,['porcelain'],,LOW,0
L24A,L24A_68,APPROVED,DJI_20230619230345_0066_W.JPG,Insulator,['porcelain'],,LOW,3
L24A,L24A_68,APPROVED,DJI_20230619230345_0066_W.JPG,Insulator,['porcelain'],,LOW,3
L24A,L24A_68,APPROVED,DJI_20230619230345_0066_W.JPG,Insulator,['porcelain'],,LOW,3
L24A,L24A_69,APPROVED,DJI_20230619231610_0032_W.JPG,Insulator,['porcelain'],,LOW,1
L24A,L24A_69,APPROVED,DJI_20230619231610_0032_W.JPG,Insulator,['porcelain'],,LOW,1
L24A,L24A_69,APPROVED,DJI_20230619231610_0032_W.JPG,Insulator,['porcelain'],,LOW,1
L24A,L24A_7,APPROVED,DJI_20230615053756_0011_Z.JPG,Footings,['fill too high'],,LOW,5
L24A,L24A_7,APPROVED,DJI_20230615053745_0006_Z.JPG,Member 37,['bent'],37,LOW,5
L24A,L24A_70,APPROVED,DJI_20230619231843_0061_W.JPG,Insulator,['porcelain'],,LOW,1
L24A,L24A_70,APPROVED,DJI_20230619231843_0061_W.JPG,Insulator,['porcelain'],,LOW,1
L24A,L24A_70,APPROVED,DJI_20230619231843_0061_W.JPG,Insulator,['porcelain'],,LOW,1
L24A,L24A_71,APPROVED,DJI_20230619232121_0088_W.JPG,Insulator,['porcelain'],,LOW,0
L24A,L24A_71,APPROVED,DJI_20230619232121_0088_W.JPG,Insulator,['porcelain'],,LOW,0
L24A,L24A_71,APPROVED,DJI_20230619232121_0088_W.JPG,Insulator,['porcelain'],,LOW,0
L24A,L24A_72,APPROVED,DJI_20230619232404_0117_W.JPG,Insulator,['porcelain'],,LOW,1
L24A,L24A_72,APPROVED,DJI_20230619232404_0117_W.JPG,Insulator,['porcelain'],,LOW,1
L24A,L24A_72,APPROVED,DJI_20230619232404_0117_W.JPG,Insulator,['porcelain'],,LOW,1
L24A,L24A_73,APPROVED,DJI_20230619232719_0156_W.JPG,Insulator,['porcelain'],,LOW,4
L24A,L24A_73,APPROVED,DJI_20230619232719_0156_W.JPG,Insulator,['porcelain'],,LOW,4
L24A,L24A_73,APPROVED,DJI_20230619232719_0156_W.JPG,Insulator,['porcelain'],,LOW,4
L24A,L24A_74,APPROVED,DJI_20230619232904_0170_W.JPG,Insulator,['porcelain'],,LOW,0
L24A,L24A_74,APPROVED,DJI_20230619232904_0170_W.JPG,Insulator,['porcelain'],,LOW,0
L24A,L24A_74,APPROVED,DJI_20230619232904_0170_W.JPG,Insulator,['porcelain'],,LOW,0
L24A,L24A_75,APPROVED,DJI_20230620011452_0002_W.JPG,Insulator,['porcelain'],,LOW,1
L24A,L24A_75,APPROVED,DJI_20230620011452_0002_W.JPG,Insulator,['porcelain'],,LOW,1
L24A,L24A_75,APPROVED,DJI_20230620011452_0002_W.JPG,Insulator,['porcelain'],,LOW,1
L24A,L24A_76,APPROVED,DJI_20230620011852_0045_W.JPG,Insulator,['porcelain'],,LOW,0
L24A,L24A_76,APPROVED,DJI_20230620011852_0045_W.JPG,Insulator,['porcelain'],,LOW,0
L24A,L24A_76,APPROVED,DJI_20230620011852_0045_W.JPG,Insulator,['porcelain'],,LOW,0
L24A,L24A_77,APPROVED,DJI_20230620012204_0076_W.JPG,Insulator,['porcelain'],,LOW,0
L24A,L24A_77,APPROVED,DJI_20230620012221_0079_Z.JPG,Environmental,['raptor nest'],,LOW,1
L24A,L24A_77,APPROVED,DJI_20230620012204_0076_W.JPG,Insulator,['porcelain'],,LOW,0
L24A,L24A_77,APPROVED,DJI_20230620012204_0076_W.JPG,Insulator,['porcelain'],,LOW,0
L24A,L24A_78,APPROVED,DJI_20230620012518_0108_W.JPG,Insulator,['porcelain'],,LOW,0
L24A,L24A_78,APPROVED,DJI_20230620012518_0108_W.JPG,Insulator,['porcelain'],,LOW,0
L24A,L24A_78,APPROVED,DJI_20230620012613_0122_Z.JPG,Environmental,['raptor nest'],,LOW,3
L24A,L24A_78,APPROVED,DJI_20230620012518_0108_W.JPG,Insulator,['porcelain'],,LOW,0
L24A,L24A_79,APPROVED,DJI_20230620012811_0140_W.JPG,Insulator,['porcelain'],,LOW,1
L24A,L24A_79,APPROVED,DJI_20230620012811_0140_W.JPG,Insulator,['porcelain'],,LOW,1
L24A,L24A_79,APPROVED,DJI_20230620012811_0140_W.JPG,Insulator,['porcelain'],,LOW,1
L24A,L24A_8,APPROVED,DJI_20230615054251_0057_Z.JPG,Insulator,['porcelain'],,LOW,7
L24A,L24A_8,APPROVED,DJI_20230615054251_0057_Z.JPG,Insulator,['porcelain'],,LOW,7
L24A,L24A_8,APPROVED,DJI_20230615054248_0056_Z.JPG,Insulator,['porcelain'],,LOW,7
L24A,L24A_80,APPROVED,DJI_20230620013035_0172_W.JPG,good,[],,GOOD,0
L24A,L24A_81,APPROVED,DJI_20230620040802_0016_W.JPG,Insulator,['porcelain'],,LOW,4
L24A,L24A_81,APPROVED,DJI_20230620040802_0016_W.JPG,Insulator,['porcelain'],,LOW,4
L24A,L24A_81,APPROVED,DJI_20230620040802_0016_W.JPG,Insulator,['porcelain'],,LOW,4
L24A,L24A_82,APPROVED,DJI_20230620040947_0033_W.JPG,Insulator,['porcelain'],,LOW,1
L24A,L24A_82,APPROVED,DJI_20230620040947_0033_W.JPG,Insulator,['porcelain'],,LOW,1
L24A,L24A_82,APPROVED,DJI_20230620040947_0033_W.JPG,Insulator,['porcelain'],,LOW,1
L24A,L24A_83,APPROVED,DJI_20230620041218_0063_W.JPG,Insulator,['porcelain'],,LOW,0
L24A,L24A_83,APPROVED,DJI_20230620041218_0063_W.JPG,Insulator,['porcelain'],,LOW,0
L24A,L24A_83,APPROVED,DJI_20230620041218_0063_W.JPG,Insulator,['porcelain'],,LOW,0
L24A,L24A_84,APPROVED,DJI_20230620041524_0105_W.JPG,Insulator,['porcelain'],,LOW,3
L24A,L24A_84,APPROVED,DJI_20230620041524_0105_W.JPG,Insulator,['porcelain'],,LOW,3
L24A,L24A_84,APPROVED,DJI_20230620041524_0105_W.JPG,Insulator,['porcelain'],,LOW,3
L24A,L24A_85,APPROVED,DJI_20230620041731_0126_W.JPG,Insulator,['porcelain'],,LOW,0
L24A,L24A_85,APPROVED,DJI_20230620041731_0126_W.JPG,Insulator,['porcelain'],,LOW,0
L24A,L24A_85,APPROVED,DJI_20230620041731_0126_W.JPG,Insulator,['porcelain'],,LOW,0
L24A,L24A_86,APPROVED,DJI_20230620044602_0001_W.JPG,Insulator,['porcelain'],,LOW,0
L24A,L24A_86,APPROVED,DJI_20230620044746_0024_Z.JPG,Structure,['rusted'],,LOW,5
L24A,L24A_86,APPROVED,DJI_20230620044602_0001_W.JPG,Insulator,['porcelain'],,LOW,0
L24A,L24A_86,APPROVED,DJI_20230620044602_0001_W.JPG,Insulator,['porcelain'],,LOW,0
L24A,L24A_87,APPROVED,DJI_20230620044902_0033_W.JPG,Insulator,['porcelain'],,LOW,1
L24A,L24A_87,APPROVED,DJI_20230620044902_0033_W.JPG,Insulator,['porcelain'],,LOW,1
L24A,L24A_87,APPROVED,DJI_20230620044902_0033_W.JPG,Insulator,['porcelain'],,LOW,1
L24A,L24A_88,APPROVED,DJI_20230620045131_0065_W.JPG,good,[],,GOOD,7
L24A,L24A_9,APPROVED,DJI_20230615054715_0090_W.JPG,Insulator,['porcelain'],,LOW,7
L24A,L24A_9,APPROVED,DJI_20230615054715_0090_W.JPG,Insulator,['porcelain'],,LOW,7
L24A,L24A_9,APPROVED,DJI_20230615054715_0090_W.JPG,Insulator,['porcelain'],,LOW,7
